<?xml version="1.0" encoding="UTF-8"?>
<project-private xmlns="http://www.netbeans.org/ns/project-private/1">
    <editor-bookmarks xmlns="http://www.netbeans.org/ns/editor-bookmarks/2" lastBookmarkId="0"/>
    <open-files xmlns="http://www.netbeans.org/ns/projectui-open-files/2">
        <group>
            <file>file:/C:/Users/Diego%20Valdez/Desktop/HDT6/src/Main.java</file>
            <file>file:/C:/Users/Diego%20Valdez/Desktop/HDT6/src/Factory.java</file>
            <file>file:/C:/Users/Diego%20Valdez/Desktop/HDT6/src/HashTable.java</file>
        </group>
    </open-files>
</project-private>
